{
  "results": [
    {
      "command": "./build/integrate",
      "mean": 0.33866993541,
      "stddev": 0.0008907975803050579,
      "median": 0.33868499166,
      "user": 1.98506605,
      "system": 0.014448325,
      "min": 0.33755106066,
      "max": 0.34002766066,
      "times": [
        0.33930764466,
        0.33943395966,
        0.33783576266000004,
        0.33887586866,
        0.33755106066,
        0.33783341166,
        0.33849411466,
        0.34002766066
      ],
      "memory_usage_byte": [
        3956736,
        3956736,
        3956736,
        3956736,
        3956736,
        3956736,
        3956736,
        3956736
      ],
      "exit_codes": [
        0,
        0,
        0,
        0,
        0,
        0,
        0,
        0
      ]
    }
  ]
}
