{
  "results": [
    {
      "command": "./build/integrate",
      "mean": 0.05722353850139537,
      "stddev": 0.00047642467414613283,
      "median": 0.05718235992000001,
      "user": 2.9244415893023255,
      "system": 0.08129556697674416,
      "min": 0.05660478892000001,
      "max": 0.05960446692,
      "times": [
        0.05702088392,
        0.05664832092000001,
        0.05711176692,
        0.05683873792000001,
        0.05750745092000001,
        0.057171528920000006,
        0.05712531792,
        0.05720609992,
        0.05715402792,
        0.05713423792000001,
        0.05715376792,
        0.05732897492000001,
        0.056921239920000005,
        0.05718235992000001,
        0.057542652920000006,
        0.057476610920000004,
        0.05679661592,
        0.05724505192000001,
        0.05660478892000001,
        0.05680258592000001,
        0.057262412920000005,
        0.05960446692,
        0.05749499992000001,
        0.05709913692,
        0.05673320392,
        0.05731776492,
        0.05754357192000001,
        0.05729097392,
        0.05714899892000001,
        0.058061860920000014,
        0.05728943292000001,
        0.05722874092000001,
        0.05720044092000001,
        0.05785612292,
        0.05731657492,
        0.05674099392000001,
        0.05699003192,
        0.05693385092,
        0.057234150920000004,
        0.05719928992000001,
        0.05717937892000001,
        0.05720368992000001,
        0.05670904292000001
      ],
      "memory_usage_byte": [
        6631424,
        6631424,
        6635520,
        6778880,
        6778880,
        6778880,
        6778880,
        6778880,
        6778880,
        6778880,
        6778880,
        6778880,
        6778880,
        6778880,
        6778880,
        6778880,
        6778880,
        6787072,
        6787072,
        6787072,
        6787072,
        6787072,
        6787072,
        6787072,
        6787072,
        6787072,
        6787072,
        6787072,
        6787072,
        6787072,
        6787072,
        6787072,
        6787072,
        6787072,
        6787072,
        6787072,
        6787072,
        6787072,
        6787072,
        6787072,
        6787072,
        6787072,
        6787072
      ],
      "exit_codes": [
        0,
        0,
        0,
        0,
        0,
        0,
        0,
        0,
        0,
        0,
        0,
        0,
        0,
        0,
        0,
        0,
        0,
        0,
        0,
        0,
        0,
        0,
        0,
        0,
        0,
        0,
        0,
        0,
        0,
        0,
        0,
        0,
        0,
        0,
        0,
        0,
        0,
        0,
        0,
        0,
        0,
        0,
        0
      ]
    }
  ]
}
