{
  "results": [
    {
      "command": "./build/integrate",
      "mean": 0.09653467314814818,
      "stddev": 0.00024372718889060233,
      "median": 0.09659746000000001,
      "user": 2.441786728148148,
      "system": 0.025614740740740733,
      "min": 0.09605724,
      "max": 0.09689512,
      "times": [
        0.096739475,
        0.096497147,
        0.096704844,
        0.096760566,
        0.096617621,
        0.09686806,
        0.09659746000000001,
        0.096647461,
        0.09665401200000001,
        0.096773016,
        0.09630869900000001,
        0.096708734,
        0.09652318700000001,
        0.09653051700000001,
        0.096742955,
        0.096548408,
        0.09617819500000001,
        0.09656573900000001,
        0.09637367200000001,
        0.096079592,
        0.096180255,
        0.096064011,
        0.096542107,
        0.09660428,
        0.09689512,
        0.096673802,
        0.09605724
      ],
      "memory_usage_byte": [
        6062080,
        6062080,
        6062080,
        6062080,
        6062080,
        6062080,
        6062080,
        6062080,
        6062080,
        6062080,
        6062080,
        6062080,
        6062080,
        6062080,
        6062080,
        6062080,
        6062080,
        6062080,
        6062080,
        6062080,
        6062080,
        6062080,
        6062080,
        6062080,
        6213632,
        6213632,
        6213632
      ],
      "exit_codes": [
        0,
        0,
        0,
        0,
        0,
        0,
        0,
        0,
        0,
        0,
        0,
        0,
        0,
        0,
        0,
        0,
        0,
        0,
        0,
        0,
        0,
        0,
        0,
        0,
        0,
        0,
        0
      ]
    }
  ]
}
