{
  "results": [
    {
      "command": "./build/integrate",
      "mean": 1.90664930942,
      "stddev": 0.00838183348943468,
      "median": 1.91005101442,
      "user": 1.89123384,
      "system": 0.011516479999999999,
      "min": 1.89390272142,
      "max": 1.91477770442,
      "times": [
        1.9027763314200001,
        1.89390272142,
        1.91173877542,
        1.91005101442,
        1.91477770442
      ],
      "memory_usage_byte": [
        3973120,
        3973120,
        3973120,
        3973120,
        3973120
      ],
      "exit_codes": [
        0,
        0,
        0,
        0,
        0
      ]
    }
  ]
}
