{
  "results": [
    {
      "command": "./build/ext_numa_first_touch_stencil_ft",
      "mean": 1.9132307493466667,
      "stddev": 0.005930625807543345,
      "median": 1.91485776968,
      "user": 222.31323199999997,
      "system": 1.8510576933333331,
      "min": 1.9066564296800002,
      "max": 1.91817804868,
      "times": [
        1.91485776968,
        1.91817804868,
        1.9066564296800002
      ],
      "memory_usage_byte": [
        2151333888,
        2151333888,
        2153787392
      ],
      "exit_codes": [
        0,
        0,
        0
      ]
    }
  ]
}
