{
  "results": [
    {
      "command": "./build/ext_numa_first_touch_stencil_naive",
      "mean": 18.747121506493333,
      "stddev": 0.05424550221427971,
      "median": 18.71873480216,
      "user": 1698.8276165266664,
      "system": 0.5809303333333333,
      "min": 18.71295970616,
      "max": 18.80967001116,
      "times": [
        18.71295970616,
        18.71873480216,
        18.80967001116
      ],
      "memory_usage_byte": [
        2151555072,
        2153594880,
        2153594880
      ],
      "exit_codes": [
        0,
        0,
        0
      ]
    }
  ]
}
