{
  "results": [
    {
      "command": "./build/stencil",
      "mean": 1.9222692334666667,
      "stddev": 0.01848603489212815,
      "median": 1.9125338628000002,
      "user": 223.01827680666665,
      "system": 1.72914684,
      "min": 1.9106854628,
      "max": 1.9435883748,
      "times": [
        1.9106854628,
        1.9435883748,
        1.9125338628000002
      ],
      "memory_usage_byte": [
        2151555072,
        2151555072,
        2151555072
      ],
      "exit_codes": [
        0,
        0,
        0
      ]
    }
  ]
}
