{
  "results": [
    {
      "command": "./build/stencil",
      "mean": 40.873843536766664,
      "stddev": 0.012988702711292963,
      "median": 40.8672226161,
      "user": 40.60002563999999,
      "system": 0.18826988,
      "min": 40.8654994291,
      "max": 40.8888085651,
      "times": [
        40.8654994291,
        40.8888085651,
        40.8672226161
      ],
      "memory_usage_byte": [
        2150469632,
        2150531072,
        2150531072
      ],
      "exit_codes": [
        0,
        0,
        0
      ]
    }
  ]
}
