{
  "results": [
    {
      "command": "./build/stencil",
      "mean": 3.6251898465933334,
      "stddev": 0.004806778313375553,
      "median": 3.6236402452600003,
      "user": 219.91709964666663,
      "system": 1.72329298,
      "min": 3.62134900326,
      "max": 3.6305802912600003,
      "times": [
        3.62134900326,
        3.6305802912600003,
        3.6236402452600003
      ],
      "memory_usage_byte": [
        2150838272,
        2150985728,
        2150985728
      ],
      "exit_codes": [
        0,
        0,
        0
      ]
    }
  ]
}
