{
  "results": [
    {
      "command": "./build/stencil",
      "mean": 14.120943028393333,
      "stddev": 0.007896791997846804,
      "median": 14.123292684059999,
      "user": 220.4880919133333,
      "system": 1.665531973333333,
      "min": 14.11213808506,
      "max": 14.127398316059999,
      "times": [
        14.11213808506,
        14.123292684059999,
        14.127398316059999
      ],
      "memory_usage_byte": [
        2150748160,
        2150748160,
        2150748160
      ],
      "exit_codes": [
        0,
        0,
        0
      ]
    }
  ]
}
