{
  "results": [
    {
      "command": "./build/mandelbrot_for",
      "mean": 0.4231457178066667,
      "stddev": 0.0006170750366967273,
      "median": 0.4231860136400001,
      "user": 6.561798006666667,
      "system": 0.013637253333333335,
      "min": 0.42209731114000004,
      "max": 0.42401462914000004,
      "times": [
        0.42307191114000003,
        0.42401462914000004,
        0.42326091614000005,
        0.42311111114000005,
        0.42331842814000004,
        0.42209731114000004
      ],
      "memory_usage_byte": [
        3969024,
        3969024,
        3969024,
        3969024,
        3969024,
        3969024
      ],
      "exit_codes": [
        0,
        0,
        0,
        0,
        0,
        0
      ]
    }
  ]
}
