{
  "results": [
    {
      "command": "./build/mandelbrot_for",
      "mean": 6.60355946516,
      "stddev": 0.00905085371136824,
      "median": 6.59846163716,
      "user": 6.58101662,
      "system": 0.01177005333333333,
      "min": 6.59820729916,
      "max": 6.61400945916,
      "times": [
        6.59820729916,
        6.61400945916,
        6.59846163716
      ],
      "memory_usage_byte": [
        3989504,
        3989504,
        3989504
      ],
      "exit_codes": [
        0,
        0,
        0
      ]
    }
  ]
}
