{
  "results": [
    {
      "command": "./build/mandelbrot_tasks",
      "mean": 6.453480302646667,
      "stddev": 0.02567339370623507,
      "median": 6.44460720698,
      "user": 6.432752393333334,
      "system": 0.011411546666666668,
      "min": 6.43342043698,
      "max": 6.48241326398,
      "times": [
        6.48241326398,
        6.43342043698,
        6.44460720698
      ],
      "memory_usage_byte": [
        3964928,
        3964928,
        3964928
      ],
      "exit_codes": [
        0,
        0,
        0
      ]
    }
  ]
}
