{
  "results": [
    {
      "command": "./build/mandelbrot_tasks",
      "mean": 0.5647333123200001,
      "stddev": 0.0013715354934596138,
      "median": 0.56514516932,
      "user": 6.4872501,
      "system": 0.012260899999999998,
      "min": 0.5626591323200001,
      "max": 0.5663070643200001,
      "times": [
        0.56514516932,
        0.5663070643200001,
        0.5642428213200001,
        0.5653123743200001,
        0.5626591323200001
      ],
      "memory_usage_byte": [
        3956736,
        3956736,
        3956736,
        3956736,
        3956736
      ],
      "exit_codes": [
        0,
        0,
        0,
        0,
        0
      ]
    }
  ]
}
