{
  "results": [
    {
      "command": "./build/mandelbrot_tasks",
      "mean": 0.4426090690266667,
      "stddev": 0.0016618973664202748,
      "median": 0.44232067886000004,
      "user": 6.749719373333334,
      "system": 0.024064553333333332,
      "min": 0.44089548036000004,
      "max": 0.44532920536000004,
      "times": [
        0.44291053136,
        0.44532920536000004,
        0.44127181136000004,
        0.44089548036000004,
        0.44351655936,
        0.44173082636000005
      ],
      "memory_usage_byte": [
        4104192,
        4104192,
        4104192,
        4108288,
        4108288,
        6193152
      ],
      "exit_codes": [
        0,
        0,
        0,
        0,
        0,
        0
      ]
    }
  ]
}
