{
  "results": [
    {
      "command": "./build/mandelbrot_tasks",
      "mean": 0.4460842075266667,
      "stddev": 0.0024141684717921092,
      "median": 0.44613149686000003,
      "user": 7.289595599999998,
      "system": 0.07741306666666666,
      "min": 0.44295908586000005,
      "max": 0.44944514286000004,
      "times": [
        0.44295908586000005,
        0.44727367686,
        0.44427423586000003,
        0.44498931686000004,
        0.44944514286000004,
        0.44756378686000003
      ],
      "memory_usage_byte": [
        6606848,
        6656000,
        6656000,
        6656000,
        6750208,
        6750208
      ],
      "exit_codes": [
        0,
        0,
        0,
        0,
        0,
        0
      ]
    }
  ]
}
