{
  "results": [
    {
      "command": "./build/mandelbrot_for",
      "mean": 0.11455085598,
      "stddev": 0.00015685643013538822,
      "median": 0.11453701897999999,
      "user": 6.504569227826086,
      "system": 0.018349117391304345,
      "min": 0.11436772398,
      "max": 0.11504105398,
      "times": [
        0.11441210498000001,
        0.11487042898,
        0.11461126097999999,
        0.11456915998,
        0.11447813698,
        0.11504105398,
        0.11449655798,
        0.11439229498,
        0.11453701897999999,
        0.11449059698,
        0.11458490998000001,
        0.11454380898,
        0.11447495797999999,
        0.11436772398,
        0.11463584297999999,
        0.11459162098,
        0.11465862297999999,
        0.11444088597999999,
        0.11466671298,
        0.11438866498,
        0.11443261597999999,
        0.11454121898,
        0.11444348598000001
      ],
      "memory_usage_byte": [
        3960832,
        3960832,
        3960832,
        5844992,
        5844992,
        5844992,
        5844992,
        5844992,
        5844992,
        5844992,
        5844992,
        5844992,
        5844992,
        5844992,
        5844992,
        5844992,
        5844992,
        5844992,
        5844992,
        5844992,
        5844992,
        5844992,
        5844992
      ],
      "exit_codes": [
        0,
        0,
        0,
        0,
        0,
        0,
        0,
        0,
        0,
        0,
        0,
        0,
        0,
        0,
        0,
        0,
        0,
        0,
        0,
        0,
        0,
        0,
        0
      ]
    }
  ]
}
