{
  "results": [
    {
      "command": "./build/mandelbrot_for",
      "mean": 0.06656054203684213,
      "stddev": 0.0005145844651463111,
      "median": 0.0665435283,
      "user": 6.648517565263157,
      "system": 0.07870753578947369,
      "min": 0.0658918748,
      "max": 0.06856408580000001,
      "times": [
        0.0659443548,
        0.0671029708,
        0.06612361080000001,
        0.0663931498,
        0.06634670780000002,
        0.0661652318,
        0.06634822779999999,
        0.06625494579999999,
        0.06666604780000002,
        0.0658918748,
        0.06856408580000001,
        0.0666680878,
        0.06831237679999999,
        0.0666606578,
        0.0666386168,
        0.0664788918,
        0.0664731328,
        0.0664513608,
        0.0661416218,
        0.06658995480000002,
        0.06661658580000002,
        0.0664516808,
        0.0663407178,
        0.06613484180000001,
        0.0666433468,
        0.06658052480000001,
        0.0661596918,
        0.06622111380000001,
        0.0665919858,
        0.06655453380000001,
        0.0661622218,
        0.06661917680000001,
        0.0667257098,
        0.0666911788,
        0.0666637678,
        0.0666326368,
        0.06676245080000001,
        0.0665325228
      ],
      "memory_usage_byte": [
        6361088,
        6361088,
        6361088,
        6361088,
        6361088,
        6361088,
        6361088,
        6361088,
        6410240,
        6410240,
        6410240,
        6410240,
        6504448,
        6504448,
        6504448,
        6504448,
        6504448,
        6504448,
        6504448,
        6504448,
        6504448,
        6504448,
        6504448,
        6504448,
        6504448,
        6504448,
        6504448,
        6504448,
        6504448,
        6504448,
        6504448,
        6504448,
        6504448,
        6504448,
        6504448,
        6504448,
        6504448,
        6504448
      ],
      "exit_codes": [
        0,
        0,
        0,
        0,
        0,
        0,
        0,
        0,
        0,
        0,
        0,
        0,
        0,
        0,
        0,
        0,
        0,
        0,
        0,
        0,
        0,
        0,
        0,
        0,
        0,
        0,
        0,
        0,
        0,
        0,
        0,
        0,
        0,
        0,
        0,
        0,
        0,
        0
      ]
    }
  ]
}
