{
  "results": [
    {
      "command": "./build_sweep/mandelbrot_for",
      "mean": 0.4673707809066667,
      "stddev": 0.0009279421321465546,
      "median": 0.46765043374000004,
      "user": 7.105240519999999,
      "system": 0.03407101333333334,
      "min": 0.46561430024,
      "max": 0.46830931824000005,
      "times": [
        0.46561430024,
        0.46775368224,
        0.46775251224000003,
        0.46830931824000005,
        0.46754835524000005,
        0.46724651724000005
      ],
      "memory_usage_byte": [
        3956736,
        3956736,
        3956736,
        3956736,
        3956736,
        3956736
      ],
      "exit_codes": [
        0,
        0,
        0,
        0,
        0,
        0
      ]
    }
  ]
}
