{
  "results": [
    {
      "command": "./build_sweep/mandelbrot_for",
      "mean": 0.56713764462,
      "stddev": 0.0015687195535938653,
      "median": 0.5677643128200001,
      "user": 6.78136416,
      "system": 0.015532060000000004,
      "min": 0.56443139582,
      "max": 0.56843046182,
      "times": [
        0.56443139582,
        0.5677643128200001,
        0.5678013538200001,
        0.56843046182,
        0.5672606988200001
      ],
      "memory_usage_byte": [
        3977216,
        3977216,
        3977216,
        3977216,
        3977216
      ],
      "exit_codes": [
        0,
        0,
        0,
        0,
        0
      ]
    }
  ]
}
