{
  "results": [
    {
      "command": "./build_sweep/mandelbrot_for",
      "mean": 6.704608311933334,
      "stddev": 0.0019293126965139592,
      "median": 6.7038591676,
      "user": 6.6800358,
      "system": 0.012120333333333335,
      "min": 6.7031659266,
      "max": 6.7067998416,
      "times": [
        6.7031659266,
        6.7067998416,
        6.7038591676
      ],
      "memory_usage_byte": [
        3952640,
        3952640,
        3952640
      ],
      "exit_codes": [
        0,
        0,
        0
      ]
    }
  ]
}
