{
  "results": [
    {
      "command": "./build_sweep/mandelbrot_for",
      "mean": 6.704030078046667,
      "stddev": 0.0010515581962139968,
      "median": 6.70406872238,
      "user": 6.680864386666666,
      "system": 0.011277853333333332,
      "min": 6.70295973038,
      "max": 6.70506178138,
      "times": [
        6.70295973038,
        6.70506178138,
        6.70406872238
      ],
      "memory_usage_byte": [
        3977216,
        3977216,
        3977216
      ],
      "exit_codes": [
        0,
        0,
        0
      ]
    }
  ]
}
