{
  "results": [
    {
      "command": "./build_sweep/mandelbrot_for",
      "mean": 0.4677961210533334,
      "stddev": 0.000943371004554289,
      "median": 0.46788576222,
      "user": 7.623239333333333,
      "system": 0.08030346,
      "min": 0.46638942822000007,
      "max": 0.46887836022000007,
      "times": [
        0.46740626822000003,
        0.46887836022000007,
        0.46836525622,
        0.46638942822000007,
        0.46850639022000007,
        0.46723102322000004
      ],
      "memory_usage_byte": [
        6385664,
        6537216,
        6537216,
        6537216,
        6537216,
        6537216
      ],
      "exit_codes": [
        0,
        0,
        0,
        0,
        0,
        0
      ]
    }
  ]
}
