{
  "results": [
    {
      "command": "./build_sweep/mandelbrot_for",
      "mean": 0.43336926391333336,
      "stddev": 0.0015442952118425665,
      "median": 0.43281008808,
      "user": 6.7165437599999995,
      "system": 0.016385006666666663,
      "min": 0.43196371858,
      "max": 0.43619274058,
      "times": [
        0.43196371858,
        0.43619274058,
        0.43402757758,
        0.43282366358,
        0.43279651258,
        0.43241137058
      ],
      "memory_usage_byte": [
        3989504,
        3989504,
        3989504,
        3989504,
        3989504,
        3989504
      ],
      "exit_codes": [
        0,
        0,
        0,
        0,
        0,
        0
      ]
    }
  ]
}
