{
  "results": [
    {
      "command": "./build_sweep/mandelbrot_for",
      "mean": 0.15342160827777776,
      "stddev": 0.0008607279642523893,
      "median": 0.153389729,
      "user": 7.125483446666665,
      "system": 0.03357304666666666,
      "min": 0.1520001085,
      "max": 0.1548058205,
      "times": [
        0.1520001085,
        0.1520346695,
        0.1526315875,
        0.1523149475,
        0.1531018015,
        0.1531281515,
        0.1530864105,
        0.1528128315,
        0.1529166855,
        0.1536513065,
        0.1541520715,
        0.1548058205,
        0.1542558135,
        0.1542589945,
        0.15405214849999999,
        0.1539072635,
        0.1542908855,
        0.1541874515
      ],
      "memory_usage_byte": [
        3973120,
        3973120,
        3973120,
        3973120,
        5955584,
        5955584,
        5955584,
        5955584,
        5955584,
        5959680,
        5959680,
        5959680,
        5959680,
        5959680,
        5959680,
        5959680,
        5959680,
        5959680
      ],
      "exit_codes": [
        0,
        0,
        0,
        0,
        0,
        0,
        0,
        0,
        0,
        0,
        0,
        0,
        0,
        0,
        0,
        0,
        0,
        0
      ]
    }
  ]
}
