{
  "results": [
    {
      "command": "./build_sweep/mandelbrot_for",
      "mean": 0.19722181138571435,
      "stddev": 0.0010322421108749525,
      "median": 0.19714448060000003,
      "user": 7.6425862057142835,
      "system": 0.07353629714285714,
      "min": 0.19581386760000002,
      "max": 0.19966181860000004,
      "times": [
        0.19581386760000002,
        0.19624563960000002,
        0.19630543160000002,
        0.1960731746,
        0.1968758176,
        0.19709070360000003,
        0.19865524960000003,
        0.1972132176,
        0.19966181860000004,
        0.19769238160000002,
        0.19719825760000004,
        0.19762205860000004,
        0.19765058960000004,
        0.19700715160000004
      ],
      "memory_usage_byte": [
        6393856,
        6393856,
        6537216,
        6537216,
        6537216,
        6537216,
        6537216,
        6537216,
        6537216,
        6537216,
        6537216,
        6537216,
        6537216,
        6537216
      ],
      "exit_codes": [
        0,
        0,
        0,
        0,
        0,
        0,
        0,
        0,
        0,
        0,
        0,
        0,
        0,
        0
      ]
    }
  ]
}
