{
  "results": [
    {
      "command": "./build_sweep/mandelbrot_for",
      "mean": 1.2015008056266667,
      "stddev": 0.00024080749187751563,
      "median": 1.20140909296,
      "user": 6.750240433333334,
      "system": 0.011920186666666666,
      "min": 1.20131932996,
      "max": 1.20177399396,
      "times": [
        1.20177399396,
        1.20131932996,
        1.20140909296
      ],
      "memory_usage_byte": [
        3911680,
        3911680,
        3911680
      ],
      "exit_codes": [
        0,
        0,
        0
      ]
    }
  ]
}
