{
  "results": [
    {
      "command": "./build_sweep/mandelbrot_for",
      "mean": 6.704149063093333,
      "stddev": 0.003002463860817564,
      "median": 6.70575239276,
      "user": 6.682337053333334,
      "system": 0.011239686666666665,
      "min": 6.7006852957600005,
      "max": 6.7060095007600005,
      "times": [
        6.7006852957600005,
        6.70575239276,
        6.7060095007600005
      ],
      "memory_usage_byte": [
        3989504,
        3989504,
        3989504
      ],
      "exit_codes": [
        0,
        0,
        0
      ]
    }
  ]
}
