{
  "results": [
    {
      "command": "./build_sweep/mandelbrot_for",
      "mean": 0.55162818944,
      "stddev": 0.0022041756903469676,
      "median": 0.5522856324400001,
      "user": 6.788832679999999,
      "system": 0.018416020000000005,
      "min": 0.54787289444,
      "max": 0.55354991944,
      "times": [
        0.54787289444,
        0.55170909544,
        0.55272340544,
        0.5522856324400001,
        0.55354991944
      ],
      "memory_usage_byte": [
        3969024,
        3969024,
        3969024,
        3969024,
        3969024
      ],
      "exit_codes": [
        0,
        0,
        0,
        0,
        0
      ]
    }
  ]
}
