{
  "results": [
    {
      "command": "./build_sweep/mandelbrot_for",
      "mean": 6.7113612044333335,
      "stddev": 0.009719109879848751,
      "median": 6.7108219281000006,
      "user": 6.689189846666667,
      "system": 0.011582966666666668,
      "min": 6.7019229601,
      "max": 6.7213387251,
      "times": [
        6.7213387251,
        6.7108219281000006,
        6.7019229601
      ],
      "memory_usage_byte": [
        4005888,
        4005888,
        4005888
      ],
      "exit_codes": [
        0,
        0,
        0
      ]
    }
  ]
}
