{
  "results": [
    {
      "command": "./build_sweep/mandelbrot_for",
      "mean": 0.08712001721333333,
      "stddev": 0.0005864760318223602,
      "median": 0.08706676218,
      "user": 7.614952439999999,
      "system": 0.09639003333333332,
      "min": 0.08621220218,
      "max": 0.08894407218000001,
      "times": [
        0.08621765218,
        0.08684845118000001,
        0.08666288618000001,
        0.08622091318000001,
        0.08694045418000002,
        0.08693292418000001,
        0.08666912618000001,
        0.08753215118,
        0.08671329818000001,
        0.08621220218,
        0.08711635918,
        0.08665963518000001,
        0.08660710518,
        0.08709135818000001,
        0.08725446318,
        0.08894407218000001,
        0.08704216618,
        0.08680003018000002,
        0.08654712318,
        0.08681664018000002,
        0.08726637318000001,
        0.08736109618000001,
        0.08758111318,
        0.08755630218,
        0.08771434618000001,
        0.08765854518,
        0.08761296318,
        0.08764747418,
        0.08767147518000001,
        0.08770181618
      ],
      "memory_usage_byte": [
        6471680,
        6471680,
        6471680,
        6471680,
        6471680,
        6471680,
        6471680,
        6471680,
        6471680,
        6471680,
        6471680,
        6471680,
        6471680,
        6471680,
        6471680,
        6471680,
        6471680,
        6471680,
        6471680,
        6471680,
        6471680,
        6516736,
        6516736,
        6516736,
        6516736,
        6516736,
        6516736,
        6516736,
        6516736,
        6516736
      ],
      "exit_codes": [
        0,
        0,
        0,
        0,
        0,
        0,
        0,
        0,
        0,
        0,
        0,
        0,
        0,
        0,
        0,
        0,
        0,
        0,
        0,
        0,
        0,
        0,
        0,
        0,
        0,
        0,
        0,
        0,
        0,
        0
      ]
    }
  ]
}
