{
  "results": [
    {
      "command": "./build_sweep/mandelbrot_tasks",
      "mean": 6.564415798620001,
      "stddev": 0.0047412062979899985,
      "median": 6.56583840362,
      "user": 6.542990893333333,
      "system": 0.01101408,
      "min": 6.559126157620001,
      "max": 6.568282834620001,
      "times": [
        6.56583840362,
        6.568282834620001,
        6.559126157620001
      ],
      "memory_usage_byte": [
        3977216,
        3977216,
        3977216
      ],
      "exit_codes": [
        0,
        0,
        0
      ]
    }
  ]
}
