{
  "results": [
    {
      "command": "./build_sweep/mandelbrot_for",
      "mean": 0.11949316745454545,
      "stddev": 0.0005321467780393546,
      "median": 0.1195864325,
      "user": 6.771277281818181,
      "system": 0.03040578545454545,
      "min": 0.11866221950000001,
      "max": 0.1203492985,
      "times": [
        0.11868530149999999,
        0.1192735075,
        0.11866221950000001,
        0.1188575165,
        0.11898593850000001,
        0.1188384745,
        0.1187841635,
        0.11892011749999999,
        0.1198581355,
        0.12024981650000001,
        0.1199686685,
        0.1197952435,
        0.1195283155,
        0.11983491450000001,
        0.11948257350000001,
        0.11976836250000002,
        0.11980211350000002,
        0.1199102355,
        0.1196209485,
        0.1201219025,
        0.1203492985,
        0.11955191650000001
      ],
      "memory_usage_byte": [
        3989504,
        3989504,
        3989504,
        3989504,
        3989504,
        3989504,
        3989504,
        3989504,
        3989504,
        3989504,
        3989504,
        3989504,
        3989504,
        3989504,
        3989504,
        3989504,
        3989504,
        3989504,
        3989504,
        3989504,
        5980160,
        5980160
      ],
      "exit_codes": [
        0,
        0,
        0,
        0,
        0,
        0,
        0,
        0,
        0,
        0,
        0,
        0,
        0,
        0,
        0,
        0,
        0,
        0,
        0,
        0,
        0,
        0
      ]
    }
  ]
}
