{
  "results": [
    {
      "command": "./build_sweep/mandelbrot_for",
      "mean": 0.3664743830171429,
      "stddev": 0.0007477352218188452,
      "median": 0.36660578816000006,
      "user": 7.109791228571429,
      "system": 0.03319997714285714,
      "min": 0.36513782516000004,
      "max": 0.36737246116000005,
      "times": [
        0.36513782516000004,
        0.36615055516000006,
        0.36721023616000004,
        0.36737246116000005,
        0.36660578816000006,
        0.36663707916000005,
        0.36620673616000005
      ],
      "memory_usage_byte": [
        3977216,
        3977216,
        3977216,
        3977216,
        3977216,
        3977216,
        3977216
      ],
      "exit_codes": [
        0,
        0,
        0,
        0,
        0,
        0,
        0
      ]
    }
  ]
}
