{
  "results": [
    {
      "command": "./build_sweep/mandelbrot_tasks",
      "mean": 0.45724194916,
      "stddev": 0.001323717994957382,
      "median": 0.4574917981600001,
      "user": 6.9636346866666665,
      "system": 0.028744406666666663,
      "min": 0.45472500816000005,
      "max": 0.45861626116000004,
      "times": [
        0.45472500816000005,
        0.45732443316000004,
        0.45765916316000005,
        0.45861626116000004,
        0.45783715716000006,
        0.45728967216000005
      ],
      "memory_usage_byte": [
        4104192,
        6062080,
        6103040,
        6103040,
        6103040,
        6103040
      ],
      "exit_codes": [
        0,
        0,
        0,
        0,
        0,
        0
      ]
    }
  ]
}
