{
  "results": [
    {
      "command": "./build_sweep/mandelbrot_for",
      "mean": 0.06959495496888889,
      "stddev": 0.0006237637993281383,
      "median": 0.06947824908,
      "user": 6.91993327,
      "system": 0.08568805444444445,
      "min": 0.06837408108,
      "max": 0.07118751408,
      "times": [
        0.06915279408,
        0.06904093107999999,
        0.06847415408,
        0.06837408108,
        0.06909146308,
        0.07012529308,
        0.06889891708,
        0.06933752008,
        0.06853971707999999,
        0.06928969908,
        0.06918064608,
        0.07113539308,
        0.06960284808,
        0.06939156208,
        0.06904856108,
        0.07118751408,
        0.06945899408,
        0.06941814208,
        0.06948190408,
        0.06989294608,
        0.06979561408,
        0.07066419808,
        0.06947459408,
        0.06977911308,
        0.06978404208,
        0.06984946508,
        0.07013372308,
        0.06944287308,
        0.06989024508,
        0.07006227108,
        0.06991256608,
        0.06937479108,
        0.06993148708,
        0.06941788308,
        0.07009536208,
        0.06968707008
      ],
      "memory_usage_byte": [
        4431872,
        4440064,
        4444160,
        4444160,
        4444160,
        4444160,
        4444160,
        6389760,
        6389760,
        6389760,
        6389760,
        6389760,
        6389760,
        6389760,
        6389760,
        6389760,
        6389760,
        6389760,
        6389760,
        6389760,
        6438912,
        6438912,
        6438912,
        6438912,
        6443008,
        6443008,
        6443008,
        6443008,
        6443008,
        6443008,
        6443008,
        6443008,
        6443008,
        6443008,
        6443008,
        6443008
      ],
      "exit_codes": [
        0,
        0,
        0,
        0,
        0,
        0,
        0,
        0,
        0,
        0,
        0,
        0,
        0,
        0,
        0,
        0,
        0,
        0,
        0,
        0,
        0,
        0,
        0,
        0,
        0,
        0,
        0,
        0,
        0,
        0,
        0,
        0,
        0,
        0,
        0,
        0
      ]
    }
  ]
}
