{
  "results": [
    {
      "command": "./build_sweep/mandelbrot_tasks",
      "mean": 0.5775559157200001,
      "stddev": 0.0012480873878197775,
      "median": 0.57759663512,
      "user": 6.633690879999999,
      "system": 0.011224420000000002,
      "min": 0.5756862191200001,
      "max": 0.5789981361200001,
      "times": [
        0.5756862191200001,
        0.57721139312,
        0.5789981361200001,
        0.57759663512,
        0.57828719512
      ],
      "memory_usage_byte": [
        3915776,
        3915776,
        3915776,
        3915776,
        3915776
      ],
      "exit_codes": [
        0,
        0,
        0,
        0,
        0
      ]
    }
  ]
}
