{
  "results": [
    {
      "command": "./build_sweep/mandelbrot_tasks",
      "mean": 0.45943669894,
      "stddev": 0.0011542983212543883,
      "median": 0.45959629994000006,
      "user": 7.518713879999999,
      "system": 0.06612533999999999,
      "min": 0.45786067544000003,
      "max": 0.46061856444000004,
      "times": [
        0.45844530244000004,
        0.45786067544000003,
        0.45904382944000005,
        0.46014877044,
        0.46050305144000003,
        0.46061856444000004
      ],
      "memory_usage_byte": [
        4689920,
        4689920,
        4689920,
        6623232,
        6623232,
        6766592
      ],
      "exit_codes": [
        0,
        0,
        0,
        0,
        0,
        0
      ]
    }
  ]
}
