{
  "results": [
    {
      "command": "./build/integrate",
      "mean": 0.10085022102615385,
      "stddev": 0.0011927080579285363,
      "median": 0.10084787718000002,
      "user": 11.04690909230769,
      "system": 0.09148062307692308,
      "min": 0.09865954918,
      "max": 0.10309265818000002,
      "times": [
        0.10121149018,
        0.09946116718,
        0.10065594018000001,
        0.10231396018,
        0.10042725118000001,
        0.10206752118000001,
        0.09901515118000001,
        0.09865954918,
        0.09924617018000001,
        0.10016927218000002,
        0.10222996618000002,
        0.10031711818,
        0.10209645218000002,
        0.10142059718000002,
        0.10044838318000002,
        0.10159614418000001,
        0.09974528718,
        0.10216004418000002,
        0.10309265818000002,
        0.09977311818000001,
        0.10103981418000002,
        0.10146300918000001,
        0.09976728718,
        0.10008938018000002,
        0.10232356018,
        0.10131545418000001
      ],
      "memory_usage_byte": [
        4681728,
        4681728,
        6770688,
        6770688,
        6770688,
        6770688,
        6770688,
        6770688,
        6770688,
        6770688,
        6770688,
        6770688,
        6770688,
        6770688,
        6770688,
        6770688,
        6770688,
        6770688,
        6770688,
        6770688,
        6770688,
        6770688,
        6770688,
        6770688,
        6770688,
        6770688
      ],
      "exit_codes": [
        0,
        0,
        0,
        0,
        0,
        0,
        0,
        0,
        0,
        0,
        0,
        0,
        0,
        0,
        0,
        0,
        0,
        0,
        0,
        0,
        0,
        0,
        0,
        0,
        0,
        0
      ]
    }
  ]
}
