{
  "results": [
    {
      "command": "./build/integrate",
      "mean": 0.07329127396857144,
      "stddev": 0.0014267505512078483,
      "median": 0.07374629454000001,
      "user": 3.8644103942857124,
      "system": 0.03164915142857142,
      "min": 0.06965577754,
      "max": 0.07533585154000001,
      "times": [
        0.07197157054000002,
        0.07365227054000001,
        0.07400382354000001,
        0.06992400654000001,
        0.07364623054000001,
        0.07480150254000001,
        0.07149940354,
        0.07092432354000001,
        0.07405153554000002,
        0.07391388054000002,
        0.06965577754,
        0.07466789654000001,
        0.07377799554000002,
        0.07374629454000001,
        0.07438189754,
        0.07533585154000001,
        0.07291298454000002,
        0.07189719854000001,
        0.07361507954000002,
        0.07143193054000001,
        0.07130680654000002,
        0.07313705254000001,
        0.07301329854000001,
        0.07312570254000002,
        0.07405110554000001,
        0.07406233554000001,
        0.07234883454000002,
        0.07406039554000002,
        0.07501356954,
        0.07313828254000002,
        0.07415860854000002,
        0.07397205154000001,
        0.07495798754,
        0.07442112854,
        0.07461597554000002
      ],
      "memory_usage_byte": [
        4104192,
        4104192,
        4116480,
        4116480,
        4116480,
        6033408,
        6033408,
        6033408,
        6033408,
        6033408,
        6033408,
        6070272,
        6070272,
        6070272,
        6070272,
        6070272,
        6070272,
        6070272,
        6070272,
        6070272,
        6070272,
        6070272,
        6070272,
        6070272,
        6070272,
        6070272,
        6070272,
        6070272,
        6070272,
        6070272,
        6070272,
        6070272,
        6070272,
        6070272,
        6070272
      ],
      "exit_codes": [
        0,
        0,
        0,
        0,
        0,
        0,
        0,
        0,
        0,
        0,
        0,
        0,
        0,
        0,
        0,
        0,
        0,
        0,
        0,
        0,
        0,
        0,
        0,
        0,
        0,
        0,
        0,
        0,
        0,
        0,
        0,
        0,
        0,
        0,
        0
      ]
    }
  ]
}
