{
  "results": [
    {
      "command": "./build/integrate",
      "mean": 0.1405365195884211,
      "stddev": 0.0004315927972190398,
      "median": 0.14030780122000003,
      "user": 2.054838786315789,
      "system": 0.013342924210526318,
      "min": 0.14014943622000003,
      "max": 0.14163545922,
      "times": [
        0.14163545922,
        0.14129211722,
        0.14082040022000003,
        0.14108789922000003,
        0.14014943622000003,
        0.14023232922000003,
        0.14098527622,
        0.14074198722000003,
        0.14029364122000001,
        0.14028862022000002,
        0.14023890822,
        0.14036187222000002,
        0.14045589622000001,
        0.14020289722,
        0.14030780122000003,
        0.14038397422,
        0.14020621822,
        0.14021756822000003,
        0.14029157022000002
      ],
      "memory_usage_byte": [
        3977216,
        3977216,
        3977216,
        3977216,
        3977216,
        3977216,
        3977216,
        3977216,
        3977216,
        3977216,
        3977216,
        3977216,
        3977216,
        3977216,
        3977216,
        3977216,
        3977216,
        3977216,
        3977216
      ],
      "exit_codes": [
        0,
        0,
        0,
        0,
        0,
        0,
        0,
        0,
        0,
        0,
        0,
        0,
        0,
        0,
        0,
        0,
        0,
        0,
        0
      ]
    }
  ]
}
