{
  "results": [
    {
      "command": "./build/integrate",
      "mean": 1.90803681306,
      "stddev": 0.00372020893128203,
      "median": 1.90573674486,
      "user": 1.89205632,
      "system": 0.01127584,
      "min": 1.90476948986,
      "max": 1.91263249186,
      "times": [
        1.91150610086,
        1.91263249186,
        1.90553923786,
        1.90476948986,
        1.90573674486
      ],
      "memory_usage_byte": [
        3964928,
        3964928,
        3964928,
        3964928,
        3964928
      ],
      "exit_codes": [
        0,
        0,
        0,
        0,
        0
      ]
    }
  ]
}
