{
  "results": [
    {
      "command": "./build/integrate",
      "mean": 1.90021044944,
      "stddev": 0.003811114203233599,
      "median": 1.8989388072400002,
      "user": 1.8856686799999998,
      "system": 0.010761759999999995,
      "min": 1.8961302172400003,
      "max": 1.9058884172400001,
      "times": [
        1.9058884172400001,
        1.89810568824,
        1.8961302172400003,
        1.8989388072400002,
        1.90198911724
      ],
      "memory_usage_byte": [
        3981312,
        3981312,
        3981312,
        3981312,
        3981312
      ],
      "exit_codes": [
        0,
        0,
        0,
        0,
        0
      ]
    }
  ]
}
