{
  "results": [
    {
      "command": "./build/integrate",
      "mean": 0.07261727865714285,
      "stddev": 0.0007575803513200632,
      "median": 0.07248477199999999,
      "user": 2.4520067257142864,
      "system": 0.03156379142857143,
      "min": 0.071898121,
      "max": 0.07553004199999999,
      "times": [
        0.072291025,
        0.07253623499999999,
        0.072214013,
        0.07249465299999999,
        0.071898121,
        0.072656258,
        0.072377809,
        0.072328697,
        0.07216210099999999,
        0.07205729699999999,
        0.072032957,
        0.072105699,
        0.07251809299999999,
        0.07553004199999999,
        0.07297490999999999,
        0.072755222,
        0.07259597699999999,
        0.07269147999999999,
        0.072382859,
        0.071952293,
        0.071972015,
        0.072633668,
        0.072358298,
        0.072193972,
        0.07248477199999999,
        0.074828967,
        0.07272992099999999,
        0.072311406,
        0.07283118499999999,
        0.072163361,
        0.07275446199999999,
        0.07262590699999999,
        0.072580985,
        0.07413859199999999,
        0.07244150099999999
      ],
      "memory_usage_byte": [
        4112384,
        4112384,
        4112384,
        4112384,
        4120576,
        6049792,
        6049792,
        6049792,
        6049792,
        6049792,
        6049792,
        6049792,
        6049792,
        6139904,
        6139904,
        6139904,
        6139904,
        6139904,
        6139904,
        6139904,
        6139904,
        6139904,
        6139904,
        6139904,
        6139904,
        6139904,
        6139904,
        6139904,
        6189056,
        6189056,
        6189056,
        6189056,
        6189056,
        6189056,
        6189056
      ],
      "exit_codes": [
        0,
        0,
        0,
        0,
        0,
        0,
        0,
        0,
        0,
        0,
        0,
        0,
        0,
        0,
        0,
        0,
        0,
        0,
        0,
        0,
        0,
        0,
        0,
        0,
        0,
        0,
        0,
        0,
        0,
        0,
        0,
        0,
        0,
        0,
        0
      ]
    }
  ]
}
