{
  "results": [
    {
      "command": "./build/integrate",
      "mean": 0.23045666712333338,
      "stddev": 0.00031329470755924284,
      "median": 0.23046611954000001,
      "user": 1.9562497466666662,
      "system": 0.012649399999999998,
      "min": 0.22971008804,
      "max": 0.23080117704000003,
      "times": [
        0.23080117704000003,
        0.23068676304000002,
        0.23043162504,
        0.23038584204,
        0.23079081604,
        0.23054517804000002,
        0.23047976504,
        0.23039365204,
        0.22971008804,
        0.23007352104,
        0.23045247404000002,
        0.23072910404000002
      ],
      "memory_usage_byte": [
        3973120,
        3973120,
        3973120,
        3973120,
        3973120,
        3973120,
        3973120,
        3973120,
        3973120,
        3973120,
        3973120,
        3973120
      ],
      "exit_codes": [
        0,
        0,
        0,
        0,
        0,
        0,
        0,
        0,
        0,
        0,
        0,
        0
      ]
    }
  ]
}
