{
  "results": [
    {
      "command": "./build/integrate",
      "mean": 0.04621233197607842,
      "stddev": 0.006148909209880695,
      "median": 0.04524104878,
      "user": 2.9303349149019593,
      "system": 0.09286830745098035,
      "min": 0.04462415678,
      "max": 0.08885892378000002,
      "times": [
        0.04551174778,
        0.04526074978,
        0.04526842878,
        0.04511752378,
        0.04462415678,
        0.045232107779999996,
        0.04516055578,
        0.04516742478,
        0.04507075178,
        0.04477798178,
        0.04551337878,
        0.04526448878,
        0.04495803778,
        0.045211817779999997,
        0.04524104878,
        0.04563495278,
        0.04502222978,
        0.045249138779999996,
        0.047123575779999996,
        0.045692374779999996,
        0.04559190078,
        0.04475533078,
        0.04515413578,
        0.04539880378,
        0.04571879578,
        0.04468534878,
        0.04508565278,
        0.04510381278,
        0.04546483678,
        0.04532700078,
        0.04482225378,
        0.04505239178,
        0.04551132778,
        0.04535178278,
        0.04507306178,
        0.04489117578,
        0.04545735578,
        0.04511928378,
        0.08885892378000002,
        0.05063463178,
        0.04556392978,
        0.04546133578,
        0.04503709078,
        0.04554640978,
        0.04494231778,
        0.04544135478,
        0.04525135878,
        0.044986378779999996,
        0.04536326278,
        0.04510178378,
        0.04497342778
      ],
      "memory_usage_byte": [
        6762496,
        6762496,
        6762496,
        6762496,
        6762496,
        6762496,
        6762496,
        6762496,
        6762496,
        6762496,
        6762496,
        6762496,
        6762496,
        6762496,
        6762496,
        6762496,
        6762496,
        6762496,
        6762496,
        6762496,
        6787072,
        6787072,
        6787072,
        6787072,
        6787072,
        6787072,
        6787072,
        6787072,
        6787072,
        6787072,
        6787072,
        6787072,
        6787072,
        6787072,
        6787072,
        6787072,
        6787072,
        6787072,
        6787072,
        6787072,
        6787072,
        6787072,
        6787072,
        6787072,
        6787072,
        6787072,
        6787072,
        6787072,
        6787072,
        6787072,
        6787072
      ],
      "exit_codes": [
        0,
        0,
        0,
        0,
        0,
        0,
        0,
        0,
        0,
        0,
        0,
        0,
        0,
        0,
        0,
        0,
        0,
        0,
        0,
        0,
        0,
        0,
        0,
        0,
        0,
        0,
        0,
        0,
        0,
        0,
        0,
        0,
        0,
        0,
        0,
        0,
        0,
        0,
        0,
        0,
        0,
        0,
        0,
        0,
        0,
        0,
        0,
        0,
        0,
        0,
        0
      ]
    }
  ]
}
